GeneName,GeneId,VariantType,ReferenceAlleleName,AlleleName,ReferenceAllele,AlternateAllele,NucleotideChange,GenomicStart,GenomicEnd
RHCE,ENSG00000188672,Combination Mutations,RHCE*01 or RHCE*ce,RHCE*03.23 RHCE*cE.23,T | A,A | G,chr1:g.[25390776A>T;25388999T>C],,
RHCE,ENSG00000188672,Combination Mutations,RHCE*01 or RHCE*ce,RHCE*01.20.05 RHCE*ce.20.05 RHCE*ceVS.05,C | G,G | T,chr1:g.[25390817G>C;25385778C>A],,
RHCE,ENSG00000188672,Combination Mutations,RHCE*01 or RHCE*ce,RHCE*01.05.02 RHCE*ce.05.02,A | A | T,G | G | A,chr1:g.[25390838T>C;25390763T>C;25390750A>T],,
RHCE,ENSG00000188672,Combination Mutations,RHCE*01 or RHCE*ce,RHCE*02.40 RHCE*Ce.40 RHCE*CeAR,A | C | A | T | A,G | G | G | A | G,chr1:g.[25390838T>C;25390817G>C;25390763T>C;25390750A>T;25388999T>C],,
RHCE,ENSG00000188672,Combination Mutations,RHCE*01 or RHCE*ce,RHCE*01.20.06.02 RHCE*ce.20.06.02 RHCE*ceVS.06.02,C | C,G | G,chr1:g.[25390853G>C;25390817G>C],,
RHCE,ENSG00000188672,Combination Mutations,RHCE*01 or RHCE*ce,RHCE*01.37 RHCE*ce.37,C | A | C | T,G | G | G | C,chr1:g.[25390853G>C;25390838T>C;25390817G>C;25390806A>G],,
RHCE,ENSG00000188672,Combination Mutations,RHCE*01 or RHCE*ce,RHCE*03.03.02 RHCE*cE.03.02,C | A | C | T,G | G | G | C,chr1:g.[25390853G>C;25390838T>C;25390817G>C;25390806A>G],,
RHCE,ENSG00000188672,Combination Mutations,RHCE*01 or RHCE*ce,RHCE*03.03 RHCE*cE.03 RHCE*cEFM,C | A,G | G,chr1:g.[25390853G>C;25390838T>C],,
RHCE,ENSG00000188672,Combination Mutations,RHCE*01 or RHCE*ce,RHCE*01.22.01 RHCE*ce.22.01 RHCE*ceHAR.01,G | C | A | C | T | A | T,T | G | G | G | C | G | A,chr1:g.[25390883C>A;25390853G>C;25390838T>C;25390817G>C;25390806A>G;25390763T>C;25390750A>T],,
RHCE,ENSG00000188672,Combination Mutations,RHCE*01 or RHCE*ce,RHCE*02.04 RHCE*Ce.04 RHCE*CeVA,G | C | A | C | T | A | T,T | G | G | G | C | G | A,chr1:g.[25390883C>A;25390853G>C;25390838T>C;25390817G>C;25390806A>G;25390763T>C;25390750A>T],,
RHCE,ENSG00000188672,Combination Mutations,RHCE*01 or RHCE*ce,RHCE*02.04.01 RHCE*Ce.04.01,G | C | A | C | T | A,T | G | G | G | C | G,chr1:g.[25390883C>A;25390853G>C;25390838T>C;25390817G>C;25390806A>G;25390763T>C],,
RHCE,ENSG00000188672,Combination Mutations,RHCE*01 or RHCE*ce,RHCE*02.02 RHCE*Ce.02 RHCE*CeFV,G | C | A,T | G | G,chr1:g.[25390883C>A;25390853G>C;25390838T>C],,
RHCE,ENSG00000188672,Combination Mutations,RHCE*01 or RHCE*ce,RHCE*02.10.01 RHCE*Ce.10.01 RHCE*CeRN,C | G | T | A | A | T | G,A | T | A | T | G | A | C,chr1:g.[25392123G>T;25392119C>A;25392114A>T;25392084T>A;25392051T>C;25392034A>T;25392026C>G],,
RHCE,ENSG00000188672,Combination Mutations,RHCE*01 or RHCE*ce,RHCE*01.17 RHCE*ce.17,C | G | T,A | T | A,chr1:g.[25392123G>T;25392119C>A;25392114A>T],,
RHCE,ENSG00000188672,Combination Mutations,RHCE*01 or RHCE*ce,RHCE*02.19 RHCE*Ce.19,T | C,G | T,chr1:g.[25402618A>C;25375384G>A],,
RHCE,ENSG00000188672,Combination Mutations,RHCE*01 or RHCE*ce,RHCE*03.12 RHCE*cE.12,T | T,G | G,chr1:g.[25402618A>C;25402605A>C],,
RHCE,ENSG00000188672,Combination Mutations,RHCE*01 or RHCE*ce,RHCE*02.10.02 RHCE*Ce.10.02,C | C | G | T | A | A | T | G,A | A | T | A | T | G | A | C,chr1:g.[25402627G>T;25392123G>T;25392119C>A;25392114A>T;25392084T>A;25392051T>C;25392034A>T;25392026C>G],,
RHCE,ENSG00000188672,Combination Mutations,RHCE*01 or RHCE*ce,RHCE*03.15.01 RHCE*cE.15.01 RHCE*cE BA,C | G,T | A,chr1:g.[25402702G>A;25402699C>T],,
RHCE,ENSG00000188672,Combination Mutations,RHCE*01 or RHCE*ce,RHCE*03.32 RHCE*cE.32,A | C | G | C,T | T | A | A,chr1:g.[25402721T>A;25402702G>A;25402699C>T;25402627G>T],,
RHCE,ENSG00000188672,Single Nucleotide Variation,RHCE*01 or RHCE*ce,RHCE*02N.05 RHCE*CeN.05,C,G,chr1:g.25402705G>C,,
RHCE,ENSG00000188672,Single Nucleotide Variation,RHCE*01 or RHCE*ce,RHCE*02.27 RHCE*Ce.27,C,G,chr1:g.25402707G>C,,
RHCE,ENSG00000188672,Single Nucleotide Variation,RHCE*01 or RHCE*ce,RHCE*03.09 RHCE*cE.09,T,A,chr1:g.25402708A>T,,
RHCE,ENSG00000188672,Single Nucleotide Variation,RHCE*01 or RHCE*ce,RHCE*01.10.02 RHCE*ce.10.02 RHCE*ceSL.02,C,T,chr1:g.25402717G>A,,
RHCE,ENSG00000188672,Single Nucleotide Variation,RHCE*01 or RHCE*ce,RHCE*02.03 RHCE*Ce.03 RHCE*CeJAHK,C,T,chr1:g.25402717G>A,,
RHCE,ENSG00000188672,Single Nucleotide Variation,RHCE*01 or RHCE*ce,RHCE*02.13 RHCE*Ce.13,T,C,chr1:g.25402718A>G,,
RHCE,ENSG00000188672,Single Nucleotide Variation,RHCE*01 or RHCE*ce,RHCE*03.08 RHCE*cE.08,G,A,chr1:g.25402726C>T,,
RHCE,ENSG00000188672,Single Nucleotide Variation,RHCE*01 or RHCE*ce,RHCE*02.12 RHCE*Ce.12,T,G,chr1:g.25402738A>C,,
RHCE,ENSG00000188672,Single Nucleotide Variation,RHCE*01 or RHCE*ce,RHCE*03.07 RHCE*cE.07,T,C,chr1:g.25402738A>G,,
RHCE,ENSG00000188672,Single Nucleotide Variation,RHCE*01 or RHCE*ce,RHCE*01.21.01 RHCE*ce.21.01,G,A,chr1:g.25402741C>T,,
RHCE,ENSG00000188672,Single Nucleotide Variation,RHCE*01 or RHCE*ce,RHCE*01.40 RHCE*ce.40,C,T,chr1:g.25402742G>A,,
RHCE,ENSG00000188672,Single Nucleotide Variation,RHCE*01 or RHCE*ce,RHCE*02.01 RHCE*Ce.01 RHCE*CeMA RHCE*CeJAL,C,T,chr1:g.25402742G>A,,
RHCE,ENSG00000188672,Single Nucleotide Variation,RHCE*01 or RHCE*ce,RHCE*03.30 RHCE*cE.30,A,G,chr1:g.25402748T>C,,
RHCE,ENSG00000188672,Single Nucleotide Variation,RHCE*01 or RHCE*ce,RHCE*01N.05 RHCE*ceN.05,A,T,chr1:g.25408680T>A,,
RHCE,ENSG00000188672,Single Nucleotide Variation,RHCE*01 or RHCE*ce,RHCE*01.39 RHCE*ce.39,C,T,chr1:g.25408710G>A,,
RHCE,ENSG00000188672,Single Nucleotide Variation,RHCE*01 or RHCE*ce,RHCE*01.36 RHCE*ce.36,C,T,chr1:g.25408711G>A,,
RHCE,ENSG00000188672,Single Nucleotide Variation,RHCE*01 or RHCE*ce,RHCE*03.27 RHCE*cE.27,C,T,chr1:g.25408711G>A,,
RHCE,ENSG00000188672,Single Nucleotide Variation,RHCE*01 or RHCE*ce,RHCE*01.15 RHCE*ce.15 RHCE*ceLOCR,G,A,chr1:g.25408732C>T,,
RHCE,ENSG00000188672,Single Nucleotide Variation,RHCE*01 or RHCE*ce,RHCE*02.11 RHCE*Ce.11,G,A,chr1:g.25408732C>T,,
RHCE,ENSG00000188672,Single Nucleotide Variation,RHCE*01 or RHCE*ce,RHCE*01.06.01 RHCE*ce.06.01 RHCE*ceAG,C,G,chr1:g.25408764G>C,,
RHCE,ENSG00000188672,Single Nucleotide Variation,RHCE*01 or RHCE*ce,RHCE*03N.05 RHCE*cEN.05,G,A,chr1:g.25408797C>T,,
RHCE,ENSG00000188672,Single Nucleotide Variation,RHCE*01 or RHCE*ce,RHCE*03.22 RHCE*cE.22,C,T,chr1:g.25408810G>A,,
RHCE,ENSG00000188672,Single Nucleotide Variation,RHCE*01 or RHCE*ce,RHCE*01.35 RHCE*ce.35,A,G,chr1:g.25408816T>C,,
RHCE,ENSG00000188672,Single Nucleotide Variation,RHCE*01 or RHCE*ce,RHCE*03N.06 RHCE*cEN.06,C,A,chr1:g.25408818G>T,,
RHCE,ENSG00000188672,Single Nucleotide Variation,RHCE*01 or RHCE*ce,RHCE*03.20 RHCE*cE.20,G,A,chr1:g.25408870C>T,,
RHCE,ENSG00000188672,Single Nucleotide Variation,RHCE*01 or RHCE*ce,RHCE*02N.06 RHCE*CeN.06,G,A,chr1:g.25420634C>T,,
RHCE,ENSG00000188672,Single Nucleotide Variation,RHCE*01 or RHCE*ce,RHCE*02N.11 RHCE*CeN.11,G,A,chr1:g.25420639C>T,,
RHCE,ENSG00000188672,Single Nucleotide Variation,RHCE*01 or RHCE*ce,RHCE*02.08.01 RHCE*Ce.08.01 RHCE*CeCW,A,G,chr1:g.25420665T>C,,
RHCE,ENSG00000188672,Single Nucleotide Variation,RHCE*01 or RHCE*ce,RHCE*01.41 RHCE*ce.41 RHCE*ceWA,A,C,chr1:g.25420673T>G,,
RHCE,ENSG00000188672,Single Nucleotide Variation,RHCE*01 or RHCE*ce,RHCE*02.09 RHCE*Ce.09 RHCE*CeCX,G,A,chr1:g.25420681C>T,,
RHCE,ENSG00000188672,Single Nucleotide Variation,RHCE*01 or RHCE*ce,RHCE*02.33 RHCE*Ce.33,A,C,chr1:g.25420689T>G,,
RHCE,ENSG00000188672,Single Nucleotide Variation,RHCE*01 or RHCE*ce,RHCE*03.16 RHCE*cE.16 RHCE*cE TA,A,G,chr1:g.25420693T>C,,
RHCE,ENSG00000188672,Single Nucleotide Variation,RHCE*01 or RHCE*ce,RHCE*03.19 RHCE*cE.19,C,A,chr1:g.25420703G>T,,
RHCE,ENSG00000188672,Single Nucleotide Variation,RHCE*01 or RHCE*ce,RHCE*03.18 RHCE*cE.18,G,C,chr1:g.25420739C>G,,
RHCE,ENSG00000188672,Single Nucleotide Variation,RHCE*01 or RHCE*ce,RHCE*01.01 RHCE*ce.01,G,C,chr1:g.25420739C>G,,
RHCE,ENSG00000188672,Single Nucleotide Variation,RHCE*01 or RHCE*ce,RHCE*03.06 RHCE*cE.06,C,T,chr1:g.25420759G>A,,
RHCE,ENSG00000188672,Single Nucleotide Variation,RHCE*01 or RHCE*ce,RHCE*01.38 RHCE*ce.38,C,T,chr1:g.25420796G>A,,
KEL,ENSG00000197993,Combination Mutations,KEL*02,KEL*02N.45,C | C,T | G,chr7:g.[142953944C>T;142953808C>G],,
KEL,ENSG00000197993,Combination Mutations,KEL*02,KEL*02N.34,G | C,A | T,chr7:g.[142954267G>A;142941352C>T],,
KEL,ENSG00000197993,Combination Mutations,KEL*02,KEL*02.-35,C | C,A | T,chr7:g.[142954328C>A;142942447C>T],,
KEL,ENSG00000197993,Combination Mutations,KEL*02,KEL*01M.04,G | C | C,A | G | T,chr7:g.[142957921G>A;142942896C>G;142942895C>T],,
KEL,ENSG00000197993,Combination Mutations,KEL*02,KEL*01M.05,G | T | G,A | C | A,chr7:g.[142957921G>A;142942917T>C;142942882G>A],,
KEL,ENSG00000197993,Combination Mutations,KEL*02,KEL*01M.06,G | T | C,A | G | G,chr7:g.[142957921G>A;142943509T>G;142941344C>G],,
KEL,ENSG00000197993,Combination Mutations,KEL*02,KEL*01N.01,G | G,A | C,chr7:g.[142957921G>A;142943511G>C],,
KEL,ENSG00000197993,Combination Mutations,KEL*02,KEL*01M.03,G | G | T,A | A | G,chr7:g.[142957921G>A;142944717G>A;142943509T>G],,
KEL,ENSG00000197993,Combination Mutations,KEL*02,KEL*01M.02,G | G,A | A,chr7:g.[142957921G>A;142953904G>A],,
KEL,ENSG00000197993,Combination Mutations,KEL*02,KEL*01.03,G | G,A | A,chr7:g.[142957921G>A;142954267G>A],,
KEL,ENSG00000197993,Combination Mutations,KEL*02,KEL*02N.02,G | A,A | G,chr7:g.[142960946G>A;142943026A>G],,
KEL,ENSG00000197993,Combination Mutations,KEL*02,KEL*02M.06,G | G,T | A,chr7:g.[142961022G>T;142946223G>A],,
KEL,ENSG00000197993,Combination Mutations,KEL*02,KEL*02M.13,C | G,T | A,chr7:g.[142961071C>T;142954267G>A],,
KEL,ENSG00000197993,Combination Mutations,KEL*02,KEL*01N.02,A | G,G | A,chr7:g.[142961084A>G;142957921G>A],,
KEL,ENSG00000197993,Single Nucleotide Variation,KEL*02,KEL*02M.12,G,T,chr7:g.142941340G>T,,
KEL,ENSG00000197993,Single Nucleotide Variation,KEL*02,KEL*02M.04,C,T,chr7:g.142941344C>T,,
KEL,ENSG00000197993,Single Nucleotide Variation,KEL*02,KEL*02N.39,G,A,chr7:g.142941353G>A,,
KEL,ENSG00000197993,Single Nucleotide Variation,KEL*02,KEL*02M.02,T,C,chr7:g.142942441T>C,,
KEL,ENSG00000197993,Single Nucleotide Variation,KEL*02,KEL*02N.05,C,T,chr7:g.142942444C>T,,
KEL,ENSG00000197993,Single Nucleotide Variation,KEL*02,KEL*02N.19,G,A,chr7:g.142942448G>A,,
KEL,ENSG00000197993,Single Nucleotide Variation,KEL*02,KEL*02N.21,G,C,chr7:g.142942524G>C,,
KEL,ENSG00000197993,Single Nucleotide Variation,KEL*02,KEL*02.-29,C,T,chr7:g.142942948C>T,,
KEL,ENSG00000197993,Single Nucleotide Variation,KEL*02,KEL*02N.38,A,C,chr7:g.142942984A>C,,
KEL,ENSG00000197993,Single Nucleotide Variation,KEL*02,KEL*02.06,A,G,chr7:g.142943026A>G,,
KEL,ENSG00000197993,Single Nucleotide Variation,KEL*02,KEL*02N.31,c,t,chr7:g.142943275c>t,,
KEL,ENSG00000197993,Single Nucleotide Variation,KEL*02,KEL*02M.07,T,C,chr7:g.142943284T>C,,
KEL,ENSG00000197993,Single Nucleotide Variation,KEL*02,KEL*02M.09,A,C,chr7:g.142943290A>C,,
KEL,ENSG00000197993,Single Nucleotide Variation,KEL*02,KEL*02N.33,C,G,chr7:g.142943321C>G,,
KEL,ENSG00000197993,Single Nucleotide Variation,KEL*02,KEL*02M.05,G,A,chr7:g.142943328G>A,,
KEL,ENSG00000197993,Single Nucleotide Variation,KEL*02,KEL*02N.18,G,C,chr7:g.142943511G>C,,
KEL,ENSG00000197993,Single Nucleotide Variation,KEL*02,KEL*02M.18,C,A,chr7:g.142943525C>A,,
KEL,ENSG00000197993,Single Nucleotide Variation,KEL*02,KEL*02N.47,C,A,chr7:g.142943525C>A,,
KEL,ENSG00000197993,Single Nucleotide Variation,KEL*02,KEL*02N.29,C,T,chr7:g.142943525C>T,,
KEL,ENSG00000197993,Single Nucleotide Variation,KEL*02,KEL*02.-12,T,C,chr7:g.142943546T>C,,
KEL,ENSG00000197993,Single Nucleotide Variation,KEL*02,KEL*02N.20,C,T,chr7:g.142943593C>T,,
KEL,ENSG00000197993,Single Nucleotide Variation,KEL*02,KEL*02N.17,G,A,chr7:g.142943829G>A,,
KEL,ENSG00000197993,Single Nucleotide Variation,KEL*02,KEL*02.40,G,T,chr7:g.142943829G>T,,
KEL,ENSG00000197993,Single Nucleotide Variation,KEL*02,KEL*02M.08,T,A,chr7:g.142944324T>A,,
KEL,ENSG00000197993,Single Nucleotide Variation,KEL*02,KEL*02.10,T,A,chr7:g.142944333T>A,,
KEL,ENSG00000197993,Single Nucleotide Variation,KEL*02,KEL*02N.16,G,A,chr7:g.142944337G>A,,
KEL,ENSG00000197993,Single Nucleotide Variation,KEL*02,KEL*02.-19,C,T,chr7:g.142944339C>T,,
KEL,ENSG00000197993,Single Nucleotide Variation,KEL*02,KEL*02N.40,G,A,chr7:g.142944340G>A,,
KEL,ENSG00000197993,Single Nucleotide Variation,KEL*02,KEL*02N.10,G,A,chr7:g.142944394G>A,,
KEL,ENSG00000197993,Single Nucleotide Variation,KEL*02,KEL*02N.51,C,G,chr7:g.142944401C>G,,
KEL,ENSG00000197993,Single Nucleotide Variation,KEL*02,KEL*02.-36,G,A,chr7:g.142944665G>A,,
KEL,ENSG00000197993,Single Nucleotide Variation,KEL*02,KEL*02N.09,C,T,chr7:g.142944679C>T,,
KEL,ENSG00000197993,Single Nucleotide Variation,KEL*02,KEL*02.-33,C,A,chr7:g.142946238C>A,,
KEL,ENSG00000197993,Single Nucleotide Variation,KEL*02,KEL*02.-32,G,A,chr7:g.142946250G>A,,
KEL,ENSG00000197993,Single Nucleotide Variation,KEL*02,KEL*02M.11,G,A,chr7:g.142946253G>A,,
KEL,ENSG00000197993,Single Nucleotide Variation,KEL*02,KEL*02N.37,A,G,chr7:g.142946268A>G,,
KEL,ENSG00000197993,Single Nucleotide Variation,KEL*02,KEL*02.-26,C,T,chr7:g.142946304C>T,,
KEL,ENSG00000197993,Single Nucleotide Variation,KEL*02,KEL*02N.15,G,A,chr7:g.142946305G>A,,
KEL,ENSG00000197993,Single Nucleotide Variation,KEL*02,KEL*02.23,T,C,chr7:g.142952567T>C,,
KEL,ENSG00000197993,Single Nucleotide Variation,KEL*02,KEL*02M.01,C,T,chr7:g.142952624C>T,,
KEL,ENSG00000197993,Single Nucleotide Variation,KEL*02,KEL*02M.14,G,T,chr7:g.142952628G>T,,
KEL,ENSG00000197993,Single Nucleotide Variation,KEL*02,KEL*02N.04,G,A,chr7:g.142953839G>A,,
KEL,ENSG00000197993,Single Nucleotide Variation,KEL*02,KEL*02N.49,G,A,chr7:g.142953884G>A,,
KEL,ENSG00000197993,Single Nucleotide Variation,KEL*02,KEL*02M.03,A,G,chr7:g.142953895A>G,,
KEL,ENSG00000197993,Single Nucleotide Variation,KEL*02,KEL*02.-22,G,A,chr7:g.142953916G>A,,
KEL,ENSG00000197993,Single Nucleotide Variation,KEL*02,KEL*02N.14,C,T,chr7:g.142953933C>T,,
KEL,ENSG00000197993,Single Nucleotide Variation,KEL*02,KEL*02N.13,c,a,chr7:g.142954183c>a,,
KEL,ENSG00000197993,Single Nucleotide Variation,KEL*02,KEL*02N.12,c,t,chr7:g.142954183c>t,,
KEL,ENSG00000197993,Single Nucleotide Variation,KEL*02,KEL*02.-30,C,T,chr7:g.142954195C>T,,
KEL,ENSG00000197993,Single Nucleotide Variation,KEL*02,KEL*02.17,A,G,chr7:g.142954203A>G,,
KEL,ENSG00000197993,Single Nucleotide Variation,KEL*02,KEL*02.39,G,A,chr7:g.142954231G>A,,
KEL,ENSG00000197993,Single Nucleotide Variation,KEL*02,KEL*02.31,C,T,chr7:g.142954233C>T,,
KEL,ENSG00000197993,Single Nucleotide Variation,KEL*02,KEL*02.21,C,T,chr7:g.142954266C>T,,
KEL,ENSG00000197993,Single Nucleotide Variation,KEL*02,KEL*02.03,G,A,chr7:g.142954267G>A,,
KEL,ENSG00000197993,Single Nucleotide Variation,KEL*02,KEL*02M.16,C,T,chr7:g.142954320C>T,,
KEL,ENSG00000197993,Single Nucleotide Variation,KEL*02,KEL*02M.10,C,T,chr7:g.142954321C>T,,
KEL,ENSG00000197993,Single Nucleotide Variation,KEL*02,KEL*02.-34,T,C,chr7:g.142954350T>C,,
KEL,ENSG00000197993,Single Nucleotide Variation,KEL*02,KEL*02.-27,C,T,chr7:g.142954363C>T,,
KEL,ENSG00000197993,Single Nucleotide Variation,KEL*02,KEL*02.25,C,T,chr7:g.142954365C>T,,
KEL,ENSG00000197993,Single Nucleotide Variation,KEL*02,KEL*02.28,G,A,chr7:g.142954366G>A,,
KEL,ENSG00000197993,Single Nucleotide Variation,KEL*02,KEL*02N.24,C,A,chr7:g.142954485C>A,,
KEL,ENSG00000197993,Single Nucleotide Variation,KEL*02,KEL*02M.17,G,C,chr7:g.142957913G>C,,
KEL,ENSG00000197993,Single Nucleotide Variation,KEL*02,KEL*01.01,G,A,chr7:g.142957921G>A,,
KEL,ENSG00000197993,Single Nucleotide Variation,KEL*02,KEL*01M.01,G,C,chr7:g.142957921G>C,,
KEL,ENSG00000197993,Single Nucleotide Variation,KEL*02,KEL*01.02,T,A,chr7:g.142957922T>A,,
KEL,ENSG00000197993,Single Nucleotide Variation,KEL*02,KEL*02M.15,C,G,chr7:g.142957924C>G,,
KEL,ENSG00000197993,Single Nucleotide Variation,KEL*02,KEL*02N.07,G,A,chr7:g.142957925G>A,,
KEL,ENSG00000197993,Single Nucleotide Variation,KEL*02,KEL*02.24,C,G,chr7:g.142957960C>G,,
KEL,ENSG00000197993,Single Nucleotide Variation,KEL*02,KEL*02.-14.2,C,T,chr7:g.142957960C>T,,
KEL,ENSG00000197993,Single Nucleotide Variation,KEL*02,KEL*02.-14.1,G,A,chr7:g.142957961G>A,,
KEL,ENSG00000197993,Single Nucleotide Variation,KEL*02,KEL*02N.08,t,c,chr7:g.142957975t>c,,
KEL,ENSG00000197993,Single Nucleotide Variation,KEL*02,KEL*02N.48,T,A,chr7:g.142958348T>A,,
KEL,ENSG00000197993,Single Nucleotide Variation,KEL*02,KEL*02N.32,T,C,chr7:g.142958374T>C,,
KEL,ENSG00000197993,Single Nucleotide Variation,KEL*02,KEL*02N.35,A,G,chr7:g.142960930A>G,,
KEL,ENSG00000197993,Single Nucleotide Variation,KEL*02,KEL*02.-18.2,C,T,chr7:g.142960939C>T,,
KEL,ENSG00000197993,Single Nucleotide Variation,KEL*02,KEL*02.-18.1,G,A,chr7:g.142960940G>A,,
KEL,ENSG00000197993,Single Nucleotide Variation,KEL*02,KEL*02N.26,G,A,chr7:g.142960946G>A,,
KEL,ENSG00000197993,Single Nucleotide Variation,KEL*02,KEL*02N.42,C,G,chr7:g.142961029C>G,,
KEL,ENSG00000197993,Single Nucleotide Variation,KEL*02,KEL*02N.41,G,C,chr7:g.142961061G>C,,
KEL,ENSG00000197993,Single Nucleotide Variation,KEL*02,KEL*02N.03,A,T,chr7:g.142961082A>T,,
KEL,ENSG00000197993,Single Nucleotide Variation,KEL*02,KEL*02N.28,C,A,chr7:g.142961098C>A,,
KEL,ENSG00000197993,Single Nucleotide Variation,KEL*02,KEL*02N.01,c,g,chr7:g.142961359c>g,,
KEL,ENSG00000197993,Single Nucleotide Variation,KEL*02,KEL*02N.06,c,t,chr7:g.142961359c>t,,
KEL,ENSG00000197993,Single Nucleotide Variation,KEL*02,KEL*02N.54,G,T,chr7:g.142961382G>T,,
KEL,ENSG00000197993,Single Nucleotide Variation,KEL*02,KEL*02N.30,C,T,chr7:g.142961805C>T,,
BCAM,ENSG00000187244,Combination Mutations,LU*02 or LU*B,LU*02.-24,G | C | C,A | T | T,chr19:g.[44812170G>A;44813547C>T;44813550C>T],,
BCAM,ENSG00000187244,Combination Mutations,LU*02 or LU*B,LU*01.-16,G | C,A | T,chr19:g.[44812188G>A;44813515C>T],,
BCAM,ENSG00000187244,Combination Mutations,LU*02 or LU*B,LU*01.19,G | A,A | G,chr19:g.[44812188G>A;44819487A>G],,
BCAM,ENSG00000187244,Combination Mutations,LU*02 or LU*B,LU*02.-27,G | G,A | A,chr19:g.[44812282G>A;44818627G>A],,
BCAM,ENSG00000187244,Combination Mutations,LU*02 or LU*B,LU*02W.01,C | C | C,T | T | T,chr19:g.[44813304C>T;44813547C>T;44813550C>T],,
BCAM,ENSG00000187244,Combination Mutations,LU*02 or LU*B,LU*02W.02,T | C,A | T | T,chr19:g.[44813447T>A;44813474C>T],,
BCAM,ENSG00000187244,Combination Mutations,LU*02 or LU*B,LU*02.19.14,T | A,A | G,chr19:g.[44813447T>A;44819487A>G],,
BCAM,ENSG00000187244,Combination Mutations,LU*02 or LU*B,LU*02W.03,C | C | C | A,T | T | T | T,chr19:g.[44818852C>T;44819059C>T;44819634C>T;44819705A>T],,
BCAM,ENSG00000187244,Combination Mutations,LU*02 or LU*B,LU*02.-13,C | C | A,T | T | T,chr19:g.[44819059C>T;44819634C>T;44819705A>T],,
BCAM,ENSG00000187244,Single Nucleotide Variation,LU*02 or LU*B,LU*02.-28,G,A,chr19:g.44811263G>A,,
BCAM,ENSG00000187244,Single Nucleotide Variation,LU*02 or LU*B,LU*02.-22,C,T,chr19:g.44812181C>T,,
BCAM,ENSG00000187244,Single Nucleotide Variation,LU*02 or LU*B,LU*01 or LU*A,G,A,chr19:g.44812188G>A,,
BCAM,ENSG00000187244,Single Nucleotide Variation,LU*02 or LU*B,LU*02.-21,C,G,chr19:g.44812240C>G,,
BCAM,ENSG00000187244,Single Nucleotide Variation,LU*02 or LU*B,LU*02.-05,G,A,chr19:g.44812284G>A,,
BCAM,ENSG00000187244,Single Nucleotide Variation,LU*02 or LU*B,LU*02.-17,G,A,chr19:g.44812298G>A,,
BCAM,ENSG00000187244,Single Nucleotide Variation,LU*02 or LU*B,LU*02N.04,C,T,chr19:g.44812319C>T,,
BCAM,ENSG00000187244,Single Nucleotide Variation,LU*02 or LU*B,LU*02.-12.2,G,A,chr19:g.44812377G>A,,
BCAM,ENSG00000187244,Single Nucleotide Variation,LU*02 or LU*B,LU*02.-04.1,G,A,chr19:g.44813269G>A,,
BCAM,ENSG00000187244,Single Nucleotide Variation,LU*02 or LU*B,LU*02.-04.2,G,T,chr19:g.44813269G>T,,
BCAM,ENSG00000187244,Single Nucleotide Variation,LU*02 or LU*B,LU*02.14,T,A,chr19:g.44813447T>A,,
BCAM,ENSG00000187244,Single Nucleotide Variation,LU*02 or LU*B,LU*02.-25,C,T,chr19:g.44813498C>T,,
BCAM,ENSG00000187244,Single Nucleotide Variation,LU*02 or LU*B,LU*02N.01,C,T,chr19:g.44813527C>T,,
BCAM,ENSG00000187244,Single Nucleotide Variation,LU*02 or LU*B,LU*02N.03,C,A,chr19:g.44813547C>A,,
BCAM,ENSG00000187244,Single Nucleotide Variation,LU*02 or LU*B,LU*02.09,C,T,chr19:g.44814191C>T,,
BCAM,ENSG00000187244,Single Nucleotide Variation,LU*02 or LU*B,LU*02.-20,C,T,chr19:g.44814272C>T,,
BCAM,ENSG00000187244,Single Nucleotide Variation,LU*02 or LU*B,LU*02.-07,A,C,chr19:g.44818820A>C,,
BCAM,ENSG00000187244,Single Nucleotide Variation,LU*02 or LU*B,LU*02.-29,A,C,chr19:g.44819070A>C,,
